timestamp,cell_id,rsrp_dbm,sinr_db,prb_pct,drop_pct,latency_ms,throughput_mbps,label
2026-09-25T18:00:00,CELL-1,-92.02,19.89,50.79,0.0,11.62,50.85,正常
2026-09-25T18:05:00,CELL-1,-77.98,24.45,46.81,0.63,16.37,46.5,正常
2026-09-25T18:10:00,CELL-1,-81.66,23.01,40.68,0.0,21.55,72.46,正常
2026-09-25T18:15:00,CELL-1,-90.34,23.15,63.65,0.75,20.76,58.33,正常
2026-09-25T18:20:00,CELL-1,-81.31,14.86,54.58,0.73,20.47,89.91,正常
2026-09-25T18:25:00,CELL-1,-88.37,23.27,49.29,0.48,24.42,56.85,正常
2026-09-25T18:30:00,CELL-1,-87.3,13.73,42.86,0.68,24.2,78.39,正常
2026-09-25T18:35:00,CELL-1,-80.26,23.69,19.79,0.39,14.9,62.01,正常
2026-09-25T18:40:00,CELL-1,-83.88,24.06,35.28,0.29,7.6,93.98,正常
2026-09-25T18:45:00,CELL-1,-88.97,25.28,48.59,0.31,10.56,57.51,正常
2026-09-25T18:50:00,CELL-1,-86.27,20.07,52.22,0.13,17.42,63.74,正常
2026-09-25T18:55:00,CELL-1,-77.68,22.11,42.58,0.45,12.82,70.6,正常
2026-09-25T19:00:00,CELL-1,-101.49,14.21,28.47,0.59,22.04,77.16,正常
2026-09-25T19:05:00,CELL-1,-80.51,17.24,36.88,0.19,21.51,45.88,正常
2026-09-25T19:10:00,CELL-1,-83.02,30.09,67.96,0.39,15.12,76.11,正常
2026-09-25T19:15:00,CELL-1,-88.53,18.29,71.93,0.23,21.45,65.73,正常
2026-09-25T19:20:00,CELL-1,-74.8,21.42,31.79,0.84,21.32,51.15,正常
2026-09-25T19:25:00,CELL-1,-90.21,12.57,34.13,0.49,17.51,52.79,正常
2026-09-25T19:30:00,CELL-1,-85.59,18.24,42.52,0.65,20.08,55.29,正常
2026-09-25T19:35:00,CELL-1,-91.26,21.11,15.56,0.55,20.48,0.0,正常
2026-09-25T19:40:00,CELL-1,-96.87,18.8,17.05,0.65,23.87,70.23,正常
2026-09-25T19:45:00,CELL-1,-86.02,21.0,49.91,0.62,20.9,82.09,正常
2026-09-25T19:50:00,CELL-1,-80.75,17.6,65.83,0.07,23.42,54.69,正常
2026-09-25T19:55:00,CELL-1,-82.1,21.51,53.64,0.66,25.11,115.62,正常
2026-09-25T18:00:00,CELL-2,-119.23,-7.82,71.79,7.17,49.23,9.82,覆盖不足
2026-09-25T18:05:00,CELL-2,-121.06,1.83,26.12,6.61,61.45,14.57,覆盖不足
2026-09-25T18:10:00,CELL-2,-118.54,8.96,83.17,5.27,48.04,11.29,覆盖不足
2026-09-25T18:15:00,CELL-2,-122.01,2.47,36.89,6.13,59.68,17.49,覆盖不足
2026-09-25T18:20:00,CELL-2,-119.41,-4.95,70.54,8.28,52.83,12.38,覆盖不足
2026-09-25T18:25:00,CELL-2,-99.87,9.02,37.24,2.42,58.17,13.49,覆盖不足
2026-09-25T18:30:00,CELL-2,-111.74,5.44,87.08,4.52,37.24,10.62,覆盖不足
2026-09-25T18:35:00,CELL-2,-117.54,1.32,43.7,6.14,49.88,15.61,覆盖不足
2026-09-25T18:40:00,CELL-2,-116.42,-6.35,39.22,5.2,66.3,8.43,覆盖不足
2026-09-25T18:45:00,CELL-2,-106.88,-3.17,28.11,4.04,79.57,16.24,覆盖不足
2026-09-25T18:50:00,CELL-2,-114.29,9.26,20.96,4.32,61.05,11.02,覆盖不足
2026-09-25T18:55:00,CELL-2,-126.23,3.04,57.17,7.9,69.52,5.94,覆盖不足
2026-09-25T19:00:00,CELL-2,-114.54,2.72,60.88,3.89,67.6,12.81,覆盖不足
2026-09-25T19:05:00,CELL-2,-113.56,-8.55,37.85,6.79,58.52,19.97,覆盖不足
2026-09-25T19:10:00,CELL-2,-117.96,5.61,74.82,8.43,60.21,18.76,覆盖不足
2026-09-25T19:15:00,CELL-2,-115.94,7.81,35.23,3.78,61.76,7.54,覆盖不足
2026-09-25T19:20:00,CELL-2,-110.42,2.3,24.29,5.41,63.36,16.11,覆盖不足
2026-09-25T19:25:00,CELL-2,-120.72,-2.11,39.03,4.37,41.83,1.81,覆盖不足
2026-09-25T19:30:00,CELL-2,-122.23,6.69,43.81,3.27,22.18,3.25,覆盖不足
2026-09-25T19:35:00,CELL-2,-115.08,6.79,77.59,2.06,47.76,6.85,覆盖不足
2026-09-25T19:40:00,CELL-2,-122.28,-1.67,64.8,3.89,52.78,27.78,覆盖不足
2026-09-25T19:45:00,CELL-2,-106.91,1.15,16.05,5.68,58.9,8.36,覆盖不足
2026-09-25T19:50:00,CELL-2,-104.91,2.5,36.0,6.04,72.06,14.8,覆盖不足
2026-09-25T19:55:00,CELL-2,-114.38,0.57,47.29,1.34,63.65,10.05,覆盖不足
2026-09-25T18:00:00,CELL-3,-87.45,0.17,51.24,1.6,52.35,6.67,干扰风险
2026-09-25T18:05:00,CELL-3,-77.52,-1.63,35.56,4.07,52.4,9.71,干扰风险
2026-09-25T18:10:00,CELL-3,-84.32,-2.11,81.67,4.2,104.38,22.46,干扰风险
2026-09-25T18:15:00,CELL-3,-84.51,-1.47,63.23,3.4,38.22,10.57,干扰风险
2026-09-25T18:20:00,CELL-3,-70.11,-1.14,29.24,4.76,79.84,25.74,干扰风险
2026-09-25T18:25:00,CELL-3,-76.69,-0.2,25.26,5.11,64.25,19.57,干扰风险
2026-09-25T18:30:00,CELL-3,-80.34,-1.82,66.95,5.17,57.67,5.53,干扰风险
2026-09-25T18:35:00,CELL-3,-80.7,-5.2,33.57,4.86,60.48,10.89,干扰风险
2026-09-25T18:40:00,CELL-3,-74.94,-3.29,37.06,5.12,60.4,14.36,干扰风险
2026-09-25T18:45:00,CELL-3,-80.93,-1.02,40.63,4.86,72.71,12.03,干扰风险
2026-09-25T18:50:00,CELL-3,-91.58,-4.23,95.32,7.85,35.85,3.54,干扰风险
2026-09-25T18:55:00,CELL-3,-80.75,1.72,61.71,3.32,51.22,5.7,干扰风险
2026-09-25T19:00:00,CELL-3,-84.18,1.37,36.61,1.32,49.77,16.35,干扰风险
2026-09-25T19:05:00,CELL-3,-80.1,-2.61,38.26,6.48,43.37,15.28,干扰风险
2026-09-25T19:10:00,CELL-3,-85.0,-2.14,29.03,3.59,60.4,0.0,干扰风险
2026-09-25T19:15:00,CELL-3,-79.15,-1.91,42.23,1.13,70.25,24.16,干扰风险
2026-09-25T19:20:00,CELL-3,-93.63,-3.3,45.67,4.78,67.49,10.2,干扰风险
2026-09-25T19:25:00,CELL-3,-85.46,-3.84,37.55,3.38,68.32,10.44,干扰风险
2026-09-25T19:30:00,CELL-3,-84.36,-9.83,19.65,2.87,78.49,19.04,干扰风险
2026-09-25T19:35:00,CELL-3,-81.69,-0.98,50.24,4.48,35.41,19.87,干扰风险
2026-09-25T19:40:00,CELL-3,-81.7,-4.03,27.78,4.96,68.84,25.47,干扰风险
2026-09-25T19:45:00,CELL-3,-94.29,-3.97,63.87,1.1,66.54,15.54,干扰风险
2026-09-25T19:50:00,CELL-3,-77.39,1.37,49.79,4.63,70.35,16.98,干扰风险
2026-09-25T19:55:00,CELL-3,-86.25,-3.28,59.23,5.32,61.16,11.37,干扰风险
2026-09-25T18:00:00,CELL-4,-99.24,18.53,87.36,2.24,106.05,2.03,负载拥塞
2026-09-25T18:05:00,CELL-4,-96.19,21.67,89.59,2.59,149.14,11.08,负载拥塞
2026-09-25T18:10:00,CELL-4,-96.88,13.93,96.25,4.06,112.21,5.54,负载拥塞
2026-09-25T18:15:00,CELL-4,-84.82,19.97,88.47,3.39,94.48,9.66,负载拥塞
2026-09-25T18:20:00,CELL-4,-81.55,16.55,95.11,2.82,104.42,13.7,负载拥塞
2026-09-25T18:25:00,CELL-4,-81.87,6.42,100.0,2.65,96.23,3.65,负载拥塞
2026-09-25T18:30:00,CELL-4,-90.34,15.17,86.95,4.29,93.77,20.9,负载拥塞
2026-09-25T18:35:00,CELL-4,-75.28,20.51,100.0,3.89,81.98,8.87,负载拥塞
2026-09-25T18:40:00,CELL-4,-91.48,11.47,94.17,2.95,89.45,2.68,负载拥塞
2026-09-25T18:45:00,CELL-4,-88.31,18.87,95.16,3.2,96.0,8.76,负载拥塞
2026-09-25T18:50:00,CELL-4,-77.13,14.99,94.91,2.57,101.96,12.35,负载拥塞
2026-09-25T18:55:00,CELL-4,-87.81,10.22,95.82,2.78,107.57,6.41,负载拥塞
2026-09-25T19:00:00,CELL-4,-94.8,17.04,89.14,3.38,86.84,3.03,负载拥塞
2026-09-25T19:05:00,CELL-4,-75.36,19.59,91.24,4.07,89.76,12.78,负载拥塞
2026-09-25T19:10:00,CELL-4,-90.1,16.14,95.48,2.43,112.94,10.54,负载拥塞
2026-09-25T19:15:00,CELL-4,-97.44,19.08,90.88,1.26,63.51,4.73,负载拥塞
2026-09-25T19:20:00,CELL-4,-87.63,15.8,93.21,3.02,80.57,9.15,负载拥塞
2026-09-25T19:25:00,CELL-4,-92.57,14.69,95.3,3.97,113.49,6.88,负载拥塞
2026-09-25T19:30:00,CELL-4,-101.95,14.05,97.79,0.52,99.08,9.08,负载拥塞
2026-09-25T19:35:00,CELL-4,-80.38,11.21,95.2,2.61,105.99,11.17,负载拥塞
2026-09-25T19:40:00,CELL-4,-83.25,6.26,92.98,4.74,105.92,9.66,负载拥塞
2026-09-25T19:45:00,CELL-4,-76.31,14.49,96.23,3.81,88.74,9.91,负载拥塞
2026-09-25T19:50:00,CELL-4,-83.79,12.42,94.95,0.9,112.33,8.95,负载拥塞
2026-09-25T19:55:00,CELL-4,-74.34,14.86,91.66,3.8,76.97,11.17,负载拥塞
2026-09-25T18:00:00,CELL-5,-69.26,12.92,23.02,1.99,241.24,23.22,传输异常
2026-09-25T18:05:00,CELL-5,-82.18,15.82,54.35,3.89,229.25,27.08,传输异常
2026-09-25T18:10:00,CELL-5,-84.28,19.31,24.19,3.87,236.99,15.15,传输异常
2026-09-25T18:15:00,CELL-5,-91.28,14.64,51.84,1.83,199.77,29.01,传输异常
2026-09-25T18:20:00,CELL-5,-85.61,16.35,42.93,2.5,277.8,17.45,传输异常
2026-09-25T18:25:00,CELL-5,-82.76,17.65,47.97,1.43,258.25,15.96,传输异常
2026-09-25T18:30:00,CELL-5,-99.47,16.76,29.5,1.85,272.55,15.73,传输异常
2026-09-25T18:35:00,CELL-5,-87.16,17.18,63.91,4.06,235.1,9.92,传输异常
2026-09-25T18:40:00,CELL-5,-90.28,18.28,53.17,1.47,221.15,26.84,传输异常
2026-09-25T18:45:00,CELL-5,-73.56,20.63,40.91,3.31,131.43,9.21,传输异常
2026-09-25T18:50:00,CELL-5,-83.95,23.45,51.07,2.21,170.62,21.1,传输异常
2026-09-25T18:55:00,CELL-5,-78.21,20.42,66.63,0.0,192.38,16.03,传输异常
2026-09-25T19:00:00,CELL-5,-83.78,20.73,23.5,2.24,210.22,7.22,传输异常
2026-09-25T19:05:00,CELL-5,-72.61,19.2,31.29,2.25,175.81,20.15,传输异常
2026-09-25T19:10:00,CELL-5,-82.95,16.09,18.14,0.02,115.91,5.63,传输异常
2026-09-25T19:15:00,CELL-5,-104.5,22.52,53.67,3.28,171.07,19.21,传输异常
2026-09-25T19:20:00,CELL-5,-79.29,24.67,42.78,3.49,146.1,26.51,传输异常
2026-09-25T19:25:00,CELL-5,-85.24,13.55,45.33,2.1,191.16,20.38,传输异常
2026-09-25T19:30:00,CELL-5,-95.98,14.82,65.09,3.48,243.81,25.96,传输异常
2026-09-25T19:35:00,CELL-5,-82.26,20.61,46.66,1.52,190.74,18.48,传输异常
2026-09-25T19:40:00,CELL-5,-95.18,14.57,49.89,2.53,179.4,22.18,传输异常
2026-09-25T19:45:00,CELL-5,-92.22,24.15,43.24,1.88,182.13,17.18,传输异常
2026-09-25T19:50:00,CELL-5,-84.68,13.17,51.73,1.12,190.09,11.29,传输异常
2026-09-25T19:55:00,CELL-5,-83.91,17.2,45.24,3.11,247.71,21.98,传输异常
